Largest 100 Cities,State,Region,Jan-17,Feb-17,Mar-17,Apr-17,May-17,Jun-17,Jul-17,Aug-17,Sep-17,Oct-17,Nov-17,Dec-17,Jan-18,Feb-18,Mar-18,Apr-18,May-18,Jun-18,Jul-18,Aug-18,Sep-18,Oct-18,Nov-18,Dec-18,Jan-19,Feb-19,Mar-19,Apr-19,May-19,Jun-19,Jul-19,Aug-19,Sep-19,Oct-19,Nov-19,Dec-19,Jan-20,Feb-20,Mar-20,Apr-20,May-20,Jun-20,Jul-20,Aug-20,Sep-20,Oct-20,Nov-20,Dec-20,Jan-21,44228,Mar-21,Apr-21,May-21,Jun-21,Jul-21,Aug-21,Sep-21,Oct-21,Nov-21,Dec-21,Jan-22,Per_YOY_2017,D_YOY_2017,Per_YOY_2018,D_YOY_2018,Per_YOY_2019,D_YOY_2019,Per_YOY_2020,D_YOY_2020,Per_YOY_2021,D_YOY_2021
ALBUQUERQUE, NM,West,$875,$850,$840,$865,$881,$934,$919,$915,$959,$975,$987,$965,$990,$955,$900,$911,$900,$908,$900,$960,$925,$903,$962,$922,$920,$901,$850,$879,$874,$925,$939,$947,$930,$925,$959,$895,$925,$925,$893,$900,$895,$899,$850,$888,$875,$945,$999,$996,"$1,038","$1,025","$1,023","$1,011","$1,125","$1,181","$1,279","$1,289","$1,365","$1,395","$1,375","$1,335","$1,304",13%,115,-7%,-70,1%,5,12%,113,26%,266
ANAHEIM, CA,West,"$1,775","$1,750","$1,765","$1,759","$1,795","$1,810","$1,790","$1,795","$1,825","$1,835","$1,860","$1,862","$1,895","$1,850","$2,065","$2,120","$1,893","$1,901","$1,895","$1,962","$2,067","$2,079","$1,920","$1,955","$1,937","$1,985","$2,040","$2,015","$2,140","$2,211","$2,166","$1,990","$2,050","$1,965","$1,935","$1,970","$2,008","$2,120","$2,095","$2,066","$2,000","$1,990","$1,933","$1,995","$1,974","$2,020","$2,110","$2,070","$2,082","$2,100","$2,065","$2,067","$2,191","$2,220","$2,338","$2,380","$2,475","$2,500","$2,554","$2,596","$2,535",7%,120,2%,42,4%,70.5,4%,74.5,22%,453
ANCHORAGE, AK,West,"$1,195","$1,138","$1,090","$1,145","$1,125","$1,100","$1,095","$1,150","$1,135","$1,175","$1,200","$1,200","$1,250","$1,200","$1,100","$1,195","$1,150","$1,035","$1,040","$1,454","$1,285","$1,225","$1,200","$1,151","$1,148","$1,150","$1,200","$1,200","$1,151","$1,143","$1,160","$1,150","$1,100","$1,160","$1,120","$1,100","$1,100","$1,200","$1,238","$1,255","$1,250","$1,250","$1,250","$1,200","$1,200","$1,250","$1,300","$1,300","$1,250","$1,245","$1,200","$1,200","$1,200","$1,250","$1,280","$1,300","$1,335","$1,400","$1,315","$1,300","$1,260",5%,55,-8%,-102.5,-4%,-47.5,14%,150,1%,10
ARLINGTON, TX,South,$935,$905,$900,$909,$945,$960,$957,$965,$999,"$1,030","$1,025","$1,050","$1,105","$1,081","$1,031","$1,056","$1,060","$1,075","$1,075","$1,112","$1,097","$1,075","$1,150","$1,160","$1,150","$1,176","$1,075","$1,075","$1,054","$1,100","$1,196","$1,250","$1,299","$1,300","$1,200","$1,185","$1,228","$1,330","$1,270","$1,268","$1,230","$1,195","$1,225","$1,300","$1,300","$1,200","$1,192","$1,200","$1,200","$1,211","$1,217","$1,235","$1,249","$1,260","$1,295","$1,300","$1,325","$1,380","$1,400","$1,419","$1,369",18%,170,4%,45,7%,78,-2%,-28,14%,169
ATLANTA, GA,South,"$1,384","$1,275","$1,300","$1,380","$1,346","$1,370","$1,378","$1,383","$1,396","$1,375","$1,375","$1,380","$1,360","$1,393","$1,400","$1,425","$1,478","$1,497","$1,505","$1,475","$1,470","$1,476","$1,454","$1,458","$1,475","$1,490","$1,530","$1,559","$1,636","$1,665","$1,675","$1,595","$1,600","$1,595","$1,545","$1,529","$1,535","$1,575","$1,595","$1,595","$1,675","$1,730","$1,744","$1,766","$1,750","$1,680","$1,610","$1,615","$1,623","$1,650","$1,650","$1,681","$1,750","$1,795","$1,838","$1,881","$1,913","$1,924","$1,920","$1,909","$1,908",-2%,-24,8%,115,4%,60,6%,88,18%,285
AURORA, CO,West,"$1,340","$1,322","$1,345","$1,385","$1,375","$1,374","$1,400","$1,435","$1,435","$1,430","$1,425","$1,435","$1,495","$1,455","$1,410","$1,465","$1,495","$1,513","$1,525","$1,464","$1,444","$1,440","$1,416","$1,427","$1,450","$1,469","$1,463","$1,425","$1,475","$1,500","$1,501","$1,500","$1,495","$1,450","$1,495","$1,550","$1,500","$1,700","$1,553","$1,595","$1,560","$1,593","$1,650","$1,695","$1,700","$1,599","$1,519","$1,515","$1,514","$1,543","$1,530","$1,525","$1,568","$1,595","$1,665","$1,735","$1,735","$1,725","$1,715","$1,725","$1,740",12%,155,-3%,-45,3%,50,1%,14,15%,226
AUSTIN, TX,South,"$1,356","$1,337","$1,331","$1,359","$1,391","$1,419","$1,448","$1,450","$1,450","$1,435","$1,406","$1,395","$1,405","$1,395","$1,359","$1,395","$1,385","$1,395","$1,400","$1,415","$1,395","$1,389","$1,307","$1,293","$1,310","$1,335","$1,375","$1,400","$1,450","$1,475","$1,500","$1,480","$1,460","$1,470","$1,450","$1,448","$1,455","$1,495","$1,495","$1,495","$1,510","$1,525","$1,525","$1,518","$1,500","$1,495","$1,475","$1,475","$1,485","$1,488","$1,490","$1,500","$1,529","$1,575","$1,650","$1,695","$1,749","$1,765","$1,757","$1,750","$1,757",4%,49,-7%,-95,11%,145,2%,30,18%,272
BAKERSFIELD, CA,West,"$1,000","$1,000",$995,$995,"$1,008","$1,025","$1,000","$1,025","$1,045","$1,075","$1,095","$1,095","$1,100","$1,075","$1,051","$1,050","$1,068","$1,072",$995,"$1,050","$1,025","$1,095","$1,100","$1,100","$1,050","$1,000","$1,000","$1,043","$1,133","$1,150","$1,100","$1,095","$1,050","$1,099","$1,078","$1,050","$1,095","$1,095","$1,095","$1,078","$1,050","$1,050","$1,050","$1,138","$1,140","$1,150","$1,199","$1,175","$1,175","$1,150","$1,197","$1,160","$1,216","$1,195","$1,250","$1,250","$1,350","$1,395","$1,525","$1,603","$1,400",10%,100,-5%,-50,4%,45,7%,80,19%,225
BALTIMORE, MD,South,"$1,335","$1,300","$1,299","$1,320","$1,300","$1,300","$1,300","$1,300","$1,300","$1,300","$1,300","$1,300","$1,299","$1,300","$1,299","$1,299","$1,300","$1,300","$1,385","$1,400","$1,400","$1,450","$1,465","$1,495","$1,416","$1,435","$1,400","$1,405","$1,500","$1,501","$1,466","$1,400","$1,450","$1,420","$1,400","$1,400","$1,400","$1,395","$1,350","$1,400","$1,410","$1,500","$1,450","$1,500","$1,499","$1,470","$1,493","$1,475","$1,500","$1,475","$1,475","$1,495","$1,550","$1,549","$1,543","$1,595","$1,600","$1,601","$1,633","$1,637","$1,615",-3%,-36,9%,117,-1%,-16,7%,99.5,8%,115.5
BATON ROUGE, LA,South,"$1,090","$1,072","$1,106","$1,115",$980,$995,$975,$963,$976,$966,$975,$975,$987,$962,$950,$975,"$1,000","$1,020","$1,100","$1,064","$1,050","$1,019","$1,050","$1,025","$1,018",$999,$970,"$1,000","$1,015","$1,003","$1,070","$1,029","$1,000","$1,000",$975,$995,"$1,000","$1,000","$1,010","$1,000","$1,030","$1,000","$1,000","$1,015","$1,000",$975,$999,"$1,000","$1,080","$1,075","$1,050","$1,049","$1,075","$1,099","$1,149","$1,149","$1,150","$1,150","$1,200","$1,195","$1,145",-9%,-103,3%,31,-2%,-18,8%,80,6%,65
BOISE, ID,West,$950,$945,$925,$925,$945,$950,$950,$995,$995,"$1,000","$1,050","$1,050","$1,063","$1,072","$1,050","$1,125","$1,026","$1,182","$1,245","$1,275","$1,295","$1,286","$1,250","$1,237","$1,195","$1,250","$1,208","$1,223","$1,295","$1,295","$1,350","$1,350","$1,341","$1,295","$1,275","$1,295","$1,342","$1,300","$1,342","$1,395","$1,365","$1,310","$1,325","$1,305","$1,250","$1,250","$1,300","$1,275","$1,295","$1,320","$1,349","$1,365","$1,486","$1,584","$1,695","$1,695","$1,695","$1,695","$1,795","$1,759","$1,721",12%,113,12%,132,12%,147,-4%,-47,33%,426
BOSTON, MA,Northeast,"$2,975","$2,900","$2,875","$2,856","$2,800","$2,800","$2,800","$2,800","$2,800","$2,795","$2,775","$2,800","$2,800","$2,800","$2,829","$2,850","$2,895","$2,900","$2,900","$3,000","$3,100","$3,165","$3,160","$3,149","$3,167","$3,059","$3,000","$3,095","$3,100","$3,100","$3,014","$3,000","$3,000","$2,995","$2,950","$2,950","$2,975","$2,950","$2,990","$2,950","$2,950","$2,950","$2,895","$2,700","$2,650","$2,600","$2,650","$2,650","$2,653","$2,695","$2,700","$2,750","$2,805","$2,850","$2,905","$2,900","$2,900","$2,975","$3,000","$3,070","$3,075",-6%,-175,13%,367,-6%,-192,-11%,-322.5,16%,422.5
BUFFALO, NY,Northeast,$950,$929,$921,$950,$850,$830,$829,$850,$850,$850,$850,$850,$850,$850,$825,$850,$962,$921,$990,"$1,018","$1,033","$1,000",$995,$999,$975,$965,"$1,000","$1,000","$1,000","$1,095",$997,"$1,000","$1,000",$995,$975,$980,$975,$995,"$1,000","$1,000","$1,000","$1,075","$1,050","$1,087","$1,050","$1,100","$1,089","$1,075","$1,100","$1,100","$1,100","$1,120","$1,130","$1,150","$1,150","$1,150","$1,150","$1,175","$1,200","$1,168","$1,170",-11%,-100,15%,125,0%,0,13%,125,6%,70
CHANDLER, AZ,West,"$1,245","$1,195","$1,175","$1,245","$1,250","$1,250","$1,250","$1,289","$1,292","$1,300","$1,325","$1,305","$1,330","$1,345","$1,361","$1,361","$1,300","$1,340","$1,375","$1,335","$1,300","$1,315","$1,315","$1,347","$1,340","$1,348","$1,354","$1,380","$1,400","$1,435","$1,525","$1,600","$1,595","$1,555","$1,600","$1,575","$1,630","$1,750","$1,750","$1,737","$1,700","$1,649","$1,675","$1,695","$1,658","$1,630","$1,545","$1,550","$1,566","$1,605","$1,577","$1,644","$1,709","$1,795","$1,845","$1,880","$1,895","$1,918","$1,906","$1,884","$1,898",7%,85,1%,10,22%,290,-4%,-64.5,21%,332.5
CHARLOTTE, NC,South,"$1,205","$1,200","$1,200","$1,217","$1,200","$1,200","$1,205","$1,205","$1,219","$1,225","$1,243","$1,225","$1,225","$1,239","$1,231","$1,250","$1,299","$1,350","$1,338","$1,300","$1,253","$1,250","$1,260","$1,257","$1,275","$1,320","$1,325","$1,350","$1,403","$1,428","$1,450","$1,400","$1,405","$1,400","$1,425","$1,420","$1,425","$1,466","$1,460","$1,465","$1,460","$1,485","$1,480","$1,485","$1,475","$1,425","$1,399","$1,400","$1,419","$1,445","$1,455","$1,486","$1,500","$1,525","$1,592","$1,629","$1,655","$1,676","$1,667","$1,663","$1,670",2%,20,4%,50,12%,150,0%,-6,18%,251
CHESAPEAKE, VA,South,"$1,290","$1,275","$1,310","$1,300","$1,300","$1,313","$1,324","$1,340","$1,335","$1,350","$1,350","$1,300","$1,326","$1,300","$1,285","$1,290","$1,300","$1,350","$1,300","$1,350","$1,270","$1,238","$1,280","$1,235","$1,250","$1,295","$1,295","$1,350","$1,375","$1,405","$1,450","$1,495","$1,500","$1,500","$1,500","$1,450","$1,475","$1,475","$1,460","$1,405","$1,400","$1,385","$1,350","$1,351","$1,400","$1,395","$1,455","$1,478","$1,479","$1,450","$1,458","$1,473","$1,535","$1,595","$1,650","$1,650","$1,660","$1,665","$1,650","$1,655","$1,629",3%,35.5,-6%,-75.5,18%,225,0%,3.5,10%,150
CHICAGO, IL,Midwest,"$1,666","$1,649","$1,650","$1,620","$1,500","$1,595","$1,500","$1,525","$1,540","$1,495","$1,451","$1,475","$1,475","$1,492","$1,475","$1,471","$1,600","$1,646","$1,670","$1,650","$1,700","$1,800","$1,799","$1,795","$1,805","$1,760","$1,715","$1,705","$1,745","$1,800","$1,700","$1,700","$1,743","$1,686","$1,695","$1,675","$1,675","$1,675","$1,695","$1,700","$1,762","$1,803","$1,795","$1,795","$1,700","$1,665","$1,619","$1,600","$1,628","$1,650","$1,675","$1,682","$1,700","$1,720","$1,750","$1,700","$1,800","$1,842","$1,865","$1,880","$1,870",-11%,-191,22%,330,-7%,-130,-3%,-47,15%,242
CHULA VISTA, CA,West,"$1,795","$1,818","$1,840","$1,830","$1,809","$1,869","$1,850","$1,845","$1,860","$1,852","$1,900","$1,906","$1,980","$1,986","$1,995","$2,018","$2,000","$2,095","$2,059","$2,110","$2,060","$2,075","$2,080","$2,078","$2,050","$2,000","$1,981","$2,025","$2,067","$2,110","$2,157","$2,150","$2,150","$2,130","$2,181","$2,164","$2,246","$2,300","$2,300","$2,250","$2,300","$2,300","$2,295","$2,295","$2,275","$2,200","$2,195","$2,185","$2,175","$2,190","$2,195","$2,196","$2,244","$2,288","$2,367","$2,400","$2,439","$2,495","$2,524","$2,610","$2,583",10%,185,4%,69.5,10%,196.5,-3%,-71,19%,408
CINCINNATI, OH,Midwest,$925,$925,$935,$925,$900,$920,$909,$915,$900,$900,$915,$925,$924,$908,$900,$925,$960,"$1,000","$1,000",$990,$995,"$1,000","$1,000",$995,$980,$990,$975,$993,"$1,000",$995,$985,$999,$999,"$1,005","$1,025","$1,015","$1,020","$1,041","$1,036","$1,025","$1,100","$1,149","$1,145","$1,100","$1,100","$1,145","$1,185","$1,180","$1,169","$1,145","$1,150","$1,175","$1,200","$1,200","$1,235","$1,250","$1,299","$1,320","$1,335","$1,326","$1,325",0%,-1,6%,56,4%,40,15%,149,13%,156
CLEVELAND, OH,Midwest,$875,$855,$850,$868,$821,$820,$815,$825,$833,$833,$850,$850,$850,$845,$815,$830,$868,$861,$899,$900,$895,$910,$960,$950,$985,"$1,025",$949,$965,$900,$897,$877,$882,$875,$885,$900,$899,$875,$895,$895,$900,$925,$995,$950,"$1,000","$1,050","$1,025","$1,030","$1,050","$1,053","$1,050","$1,075","$1,050","$1,100","$1,100","$1,140","$1,150","$1,190","$1,200","$1,200","$1,200","$1,300",-3%,-25,16%,135,-11%,-110,20%,177.5,24%,247.5
COLORADO SPRINGS, CO,West,"$1,100","$1,095","$1,100","$1,140","$1,150","$1,200","$1,238","$1,250","$1,250","$1,255","$1,252","$1,250","$1,265","$1,232","$1,250","$1,275","$1,260","$1,298","$1,295","$1,325","$1,295","$1,290","$1,305","$1,300","$1,300","$1,295","$1,254","$1,283","$1,350","$1,448","$1,495","$1,475","$1,476","$1,450","$1,450","$1,400","$1,434","$1,500","$1,500","$1,525","$1,500","$1,455","$1,495","$1,500","$1,495","$1,450","$1,450","$1,451","$1,480","$1,480","$1,495","$1,501","$1,595","$1,678","$1,750","$1,773","$1,723","$1,725","$1,689","$1,665","$1,657",15%,165,3%,35,10%,134,3%,46,12%,177
COLUMBUS, OH,Midwest,"$1,010",$982,$991,"$1,015",$954,$965,$949,$943,$950,$975,$990,$990,$980,$965,$959,$973,"$1,047",$999,"$1,094","$1,139","$1,140","$1,135","$1,121","$1,125","$1,089","$1,100","$1,030","$1,063","$1,049","$1,095","$1,080","$1,045","$1,089","$1,070","$1,089","$1,050","$1,055","$1,100","$1,092","$1,099","$1,150","$1,200","$1,200","$1,175","$1,189","$1,150","$1,129","$1,125","$1,135","$1,158","$1,168","$1,188","$1,225","$1,250","$1,250","$1,279","$1,312","$1,331","$1,301","$1,322","$1,309",-3%,-29.5,11%,109,-3%,-34,8%,80,15%,174
CORPUS CHRISTI, TX,South,"$1,075","$1,025",$999,"$1,000","$1,015","$1,050","$1,050","$1,084","$1,077","$1,139","$1,130","$1,109","$1,127","$1,095","$1,027","$1,025","$1,017","$1,041","$1,045","$1,155","$1,110","$1,100","$1,085","$1,082","$1,049","$1,064","$1,050","$1,041","$1,078","$1,160","$1,300","$1,400","$1,333","$1,300","$1,275","$1,219","$1,235","$1,250","$1,230","$1,375","$1,220","$1,050","$1,110","$1,100","$1,100","$1,075","$1,114","$1,148","$1,160","$1,181","$1,177","$1,150","$1,150","$1,179","$1,211","$1,200","$1,233","$1,250","$1,242","$1,225","$1,229",5%,52,-7%,-78,18%,185.5,-6%,-74.5,6%,69
DALLAS, TX,South,"$1,295","$1,279","$1,325","$1,338","$1,325","$1,337","$1,350","$1,350","$1,365","$1,346","$1,350","$1,303","$1,295","$1,320","$1,312","$1,333","$1,336","$1,370","$1,367","$1,377","$1,359","$1,409","$1,400","$1,371","$1,395","$1,429","$1,408","$1,435","$1,465","$1,495","$1,509","$1,435","$1,450","$1,428","$1,400","$1,390","$1,375","$1,384","$1,366","$1,390","$1,500","$1,550","$1,550","$1,585","$1,546","$1,480","$1,440","$1,450","$1,456","$1,482","$1,479","$1,500","$1,525","$1,551","$1,625","$1,638","$1,663","$1,676","$1,687","$1,691","$1,687",0%,0,8%,100,-1%,-20,6%,81,16%,231
DENVER, CO,West,"$1,450","$1,435","$1,462","$1,500","$1,500","$1,511","$1,518","$1,531","$1,530","$1,523","$1,530","$1,525","$1,550","$1,553","$1,550","$1,584","$1,600","$1,625","$1,629","$1,650","$1,670","$1,707","$1,699","$1,699","$1,695","$1,681","$1,625","$1,650","$1,711","$1,765","$1,762","$1,620","$1,600","$1,600","$1,556","$1,595","$1,640","$1,732","$1,675","$1,700","$1,783","$1,800","$1,778","$1,795","$1,775","$1,690","$1,650","$1,653","$1,655","$1,678","$1,680","$1,695","$1,750","$1,798","$1,850","$1,892","$1,910","$1,923","$1,900","$1,910","$1,900",7%,100,9%,145,-3%,-55,1%,15,15%,245
DETROIT, MI,Midwest,$750,$750,$750,$775,$795,$800,$800,$800,$800,$777,$800,$800,$800,$800,$800,$800,$800,$800,$800,$800,$850,$895,$875,$850,$875,$850,$850,$850,$850,$850,$850,$850,$850,$850,$850,$850,$850,$850,$850,$876,$900,$900,$900,$950,$999,"$1,150","$1,225","$1,200","$1,250","$1,208","$1,250","$1,290","$1,285","$1,300","$1,300","$1,275","$1,300","$1,265","$1,378","$1,360","$1,300",7%,50,9%,75,-3%,-25,47%,400,4%,50
DURHAM, NC,South,"$1,140","$1,117","$1,116","$1,150","$1,164","$1,181","$1,189","$1,185","$1,175","$1,195","$1,193","$1,171","$1,150","$1,174","$1,144","$1,182","$1,214","$1,283","$1,252","$1,250","$1,263","$1,266","$1,250","$1,310","$1,295","$1,294","$1,299","$1,300","$1,370","$1,437","$1,419","$1,350","$1,273","$1,309","$1,285","$1,295","$1,280","$1,395","$1,395","$1,400","$1,365","$1,395","$1,367","$1,395","$1,350","$1,332","$1,344","$1,310","$1,325","$1,344","$1,375","$1,420","$1,470","$1,505","$1,536","$1,540","$1,555","$1,561","$1,579","$1,590","$1,600",1%,10.5,13%,145,-1%,-15,4%,45,21%,275
EL PASO, TX,South,$950,$936,$920,$950,$900,$950,$935,$925,$950,$950,$950,$950,$950,$950,$900,$925,$932,$950,$999,$995,$950,$903,$925,$915,$950,"$1,035",$995,$995,$945,$950,"$1,095","$1,100","$1,100","$1,050","$1,060","$1,050","$1,100","$1,115","$1,100","$1,100",$995,$925,$951,$950,$984,$907,$964,$965,$977,$975,$960,$953,$975,"$1,019","$1,030","$1,088","$1,080","$1,107","$1,107","$1,100","$1,100",0%,0,0%,0,16%,150,-11%,-123,13%,123
FORT WAYNE, IN,Midwest,$695,$680,$689,$703,$715,$725,$725,$708,$725,$720,$729,$745,$729,$729,$726,$749,$800,$809,$800,$771,$800,$800,$755,$750,$750,$725,$734,$795,$800,$784,$735,$720,$735,$745,$735,$735,$710,$679,$675,$680,$765,$830,$810,$849,$892,$825,$850,$860,$924,$914,$898,$899,$928,$940,$991,$985,"$1,103","$1,085","$1,065","$1,050","$1,050",5%,34,3%,21,-5%,-40,30%,214,14%,126
FORT WORTH, TX,South,"$1,200","$1,203","$1,190","$1,199","$1,195","$1,179","$1,187","$1,200","$1,229","$1,250","$1,249","$1,250","$1,250","$1,250","$1,211","$1,232","$1,289","$1,350","$1,342","$1,350","$1,250","$1,250","$1,300","$1,295","$1,295","$1,335","$1,295","$1,300","$1,330","$1,409","$1,475","$1,475","$1,474","$1,449","$1,400","$1,395","$1,400","$1,436","$1,400","$1,425","$1,400","$1,410","$1,450","$1,495","$1,477","$1,400","$1,370","$1,359","$1,369","$1,389","$1,395","$1,405","$1,430","$1,460","$1,495","$1,500","$1,520","$1,555","$1,570","$1,588","$1,600",4%,50,4%,45,8%,105,-2%,-31,17%,231
FREMONT, CA,West,"$2,471","$2,450","$2,400","$2,478","$2,499","$2,505","$2,586","$2,632","$2,590","$2,600","$2,650","$2,625","$2,700","$2,630","$2,600","$2,636","$2,620","$2,595","$2,657","$2,700","$2,600","$2,576","$2,575","$2,575","$2,572","$2,564","$2,490","$2,561","$2,600","$2,589","$2,655","$2,632","$2,635","$2,635","$2,750","$2,650","$2,800","$2,925","$2,750","$2,835","$2,780","$2,687","$2,730","$2,798","$2,745","$2,600","$2,578","$2,551","$2,500","$2,534","$2,500","$2,564","$2,594","$2,694","$2,758","$2,720","$2,771","$2,760","$2,655","$2,765","$2,868",9%,229,-5%,-128.5,9%,228.5,-11%,-300,15%,368
FRESNO, CA,West,$934,$960,$950,$950,$900,$920,$910,$950,$955,$960,$965,$995,$995,$993,$979,$990,"$1,030","$1,100","$1,150","$1,175","$1,158","$1,279","$1,295","$1,250","$1,250","$1,250","$1,165","$1,180","$1,200","$1,195","$1,250","$1,262","$1,200","$1,195","$1,200","$1,224","$1,231","$1,200","$1,150","$1,150","$1,165","$1,200","$1,168","$1,200","$1,225","$1,240","$1,315","$1,354","$1,400","$1,395","$1,399","$1,395","$1,390","$1,432","$1,413","$1,495","$1,545","$1,573","$1,726","$1,697","$1,681",7%,61,26%,255,-2%,-19,14%,169,20%,281
GARLAND, TX,South,"$1,040",$985,$953,"$1,015","$1,095","$1,115","$1,117","$1,135","$1,100","$1,180","$1,195","$1,206","$1,225","$1,200","$1,150","$1,195","$1,165","$1,215","$1,200","$1,275","$1,176","$1,095","$1,200","$1,180","$1,120","$1,156","$1,150","$1,197","$1,185","$1,250","$1,350","$1,380","$1,350","$1,335","$1,310","$1,297","$1,310","$1,395","$1,350","$1,350","$1,239","$1,200","$1,199","$1,250","$1,304","$1,283","$1,300","$1,303","$1,310","$1,316","$1,299","$1,300","$1,317","$1,337","$1,375","$1,405","$1,440","$1,450","$1,465","$1,482","$1,502",18%,185,-9%,-105,17%,190,0%,-0.5,15%,192.5
GILBERT, AZ,West,"$1,350","$1,349","$1,324","$1,375","$1,400","$1,410","$1,413","$1,425","$1,420","$1,425","$1,409","$1,410","$1,425","$1,425","$1,450","$1,475","$1,450","$1,495","$1,530","$1,550","$1,550","$1,493","$1,450","$1,400","$1,450","$1,489","$1,500","$1,495","$1,460","$1,500","$1,650","$1,745","$1,725","$1,695","$1,695","$1,680","$1,693","$1,725","$1,765","$1,775","$1,750","$1,700","$1,750","$1,750","$1,761","$1,735","$1,664","$1,675","$1,695","$1,700","$1,795","$1,782","$1,800","$1,900","$1,966","$2,000","$2,015","$2,012","$2,070","$2,042","$2,020",6%,75,2%,25,17%,242.5,0%,2.5,19%,325
GLENDALE, AZ,West,$960,$935,$920,$965,$990,"$1,010","$1,025","$1,030","$1,025","$1,048","$1,055","$1,095","$1,100","$1,080","$1,095","$1,098","$1,068","$1,150","$1,150","$1,175","$1,220","$1,194","$1,195","$1,160","$1,150","$1,172","$1,140","$1,110","$1,120","$1,183","$1,250","$1,298","$1,270","$1,350","$1,367","$1,325","$1,350","$1,450","$1,400","$1,450","$1,333","$1,295","$1,295","$1,241","$1,225","$1,201","$1,250","$1,250","$1,255","$1,259","$1,290","$1,336","$1,431","$1,500","$1,569","$1,620","$1,670","$1,685","$1,701","$1,656","$1,674",15%,140,5%,50,17%,200,-7%,-95,33%,419
GREENSBORO, NC,South,$795,$790,$795,$800,$765,$775,$785,$780,$784,$787,$795,$800,$799,$795,$795,$795,$826,$855,$869,$879,$825,$825,$850,$850,$845,$850,$845,$868,$871,$875,$879,$935,$920,$925,$950,$899,$899,$899,$900,$900,$895,$895,$895,$910,$895,$925,$970,$995,"$1,021","$1,010","$1,003","$1,030","$1,050","$1,087","$1,119","$1,175","$1,219","$1,241","$1,321","$1,299","$1,290",1%,4,6%,46,6%,54,14%,122,26%,269
HENDERSON, NV,West,"$1,295","$1,250","$1,250","$1,295","$1,300","$1,316","$1,325","$1,350","$1,338","$1,350","$1,350","$1,350","$1,367","$1,384","$1,350","$1,375","$1,375","$1,450","$1,471","$1,412","$1,375","$1,345","$1,328","$1,316","$1,364","$1,410","$1,377","$1,400","$1,382","$1,399","$1,550","$1,595","$1,595","$1,575","$1,550","$1,500","$1,575","$1,615","$1,595","$1,550","$1,450","$1,360","$1,400","$1,395","$1,425","$1,448","$1,449","$1,450","$1,451","$1,484","$1,495","$1,505","$1,590","$1,646","$1,750","$1,750","$1,788","$1,821","$1,839","$1,800","$1,798",6%,72,0%,-3,15%,211,-8%,-124,24%,347
HONOLULU, HI,West,"$2,000","$2,000","$1,950","$1,950","$1,950","$1,985","$1,950","$1,985","$2,000","$2,000","$1,996","$2,000","$1,995","$1,975","$1,900","$1,950","$1,950","$1,850","$2,000","$1,850","$1,800","$1,888","$2,000","$2,000","$1,900","$2,000","$2,050","$2,049","$2,200","$2,150","$2,100","$2,100","$2,100","$2,150","$2,100","$2,100","$2,100","$2,150","$2,100","$2,100","$2,100","$2,150","$2,100","$2,099","$2,000","$1,925","$1,918","$1,925","$1,900","$1,900","$1,900","$1,900","$1,975","$2,000","$2,000","$2,009","$2,100","$2,150","$2,190","$2,100","$2,100",0%,-5,-5%,-95,11%,200,-10%,-200,11%,200
HOUSTON, TX,South,"$1,295","$1,225","$1,215","$1,253","$1,250","$1,279","$1,289","$1,285","$1,295","$1,300","$1,300","$1,300","$1,314","$1,300","$1,284","$1,300","$1,308","$1,300","$1,295","$1,375","$1,354","$1,321","$1,328","$1,317","$1,325","$1,337","$1,324","$1,360","$1,410","$1,438","$1,405","$1,375","$1,375","$1,350","$1,350","$1,326","$1,347","$1,360","$1,375","$1,395","$1,436","$1,473","$1,480","$1,500","$1,477","$1,400","$1,360","$1,360","$1,365","$1,392","$1,389","$1,398","$1,425","$1,441","$1,470","$1,489","$1,500","$1,500","$1,500","$1,515","$1,525",1%,19,1%,11,2%,22,1%,18,12%,160
INDIANAPOLIS, IN,Midwest,$850,$835,$834,$849,$825,$834,$830,$845,$849,$847,$850,$862,$865,$855,$850,$850,$876,$898,$905,$925,$940,$915,$950,$945,$934,$925,$909,$945,$975,"$1,025","$1,000","$1,000","$1,046","$1,045","$1,020","$1,000",$975,$970,$950,"$1,000",$968,$950,$950,$990,$995,"$1,044","$1,050","$1,065","$1,079","$1,084","$1,079","$1,095","$1,125","$1,164","$1,190","$1,205","$1,220","$1,249","$1,209","$1,225","$1,200",2%,15,8%,69,4%,41,11%,104,11%,121
IRVINE, CA,West,"$2,370","$2,265","$2,315","$2,405","$2,440","$2,460","$2,500","$2,570","$2,550","$2,585","$2,575","$2,600","$2,685","$2,662","$2,630","$2,700","$2,605","$2,750","$2,666","$2,450","$2,400","$2,320","$2,345","$2,325","$2,295","$2,300","$2,425","$2,450","$2,500","$2,490","$2,798","$3,100","$3,100","$3,100","$3,100","$3,100","$3,100","$3,150","$3,100","$3,100","$2,775","$2,700","$2,895","$2,900","$2,800","$2,750","$2,635","$2,640","$2,625","$2,670","$2,695","$2,695","$2,715","$2,800","$2,950","$3,025","$3,100","$3,150","$3,130","$3,100","$3,082",13%,315,-15%,-390,35%,805,-15%,-475,17%,456.5
IRVING, TX,South,"$1,120","$1,109","$1,110","$1,119","$1,150","$1,193","$1,195","$1,200","$1,200","$1,208","$1,205","$1,195","$1,182","$1,200","$1,180","$1,193","$1,231","$1,251","$1,229","$1,229","$1,250","$1,262","$1,268","$1,250","$1,265","$1,275","$1,235","$1,285","$1,315","$1,340","$1,323","$1,310","$1,325","$1,325","$1,320","$1,298","$1,283","$1,383","$1,376","$1,395","$1,405","$1,450","$1,400","$1,495","$1,456","$1,362","$1,325","$1,341","$1,343","$1,368","$1,375","$1,386","$1,416","$1,439","$1,498","$1,520","$1,560","$1,576","$1,590","$1,609","$1,629",6%,62,7%,83,1%,18,5%,60,21%,286
JACKSONVILLE, FL,South,"$1,020",$995,$998,"$1,025","$1,025","$1,030","$1,034","$1,050","$1,050","$1,059","$1,087","$1,095","$1,095","$1,075","$1,080","$1,075","$1,100","$1,195","$1,190","$1,150","$1,133","$1,115","$1,150","$1,148","$1,145","$1,150","$1,160","$1,200","$1,224","$1,250","$1,250","$1,250","$1,250","$1,250","$1,250","$1,245","$1,250","$1,245","$1,250","$1,250","$1,233","$1,230","$1,200","$1,225","$1,250","$1,258","$1,280","$1,275","$1,295","$1,300","$1,305","$1,336","$1,400","$1,450","$1,500","$1,544","$1,573","$1,625","$1,650","$1,684","$1,652",7%,75,5%,50,9%,105,4%,45,28%,357
JERSEY CITY, NJ,Northeast,"$2,500","$2,645","$2,610","$2,483","$2,410","$2,433","$2,465","$2,403","$2,400","$2,400","$2,419","$2,365","$2,300","$2,390","$2,455","$2,335","$2,558","$2,850","$2,750","$2,460","$2,765","$2,820","$2,750","$2,765","$2,803","$2,750","$2,650","$2,730","$2,865","$2,900","$2,600","$2,565","$2,660","$2,600","$2,515","$2,535","$2,450","$1,750","$1,719","$1,750","$2,400","$2,600","$2,300","$2,350","$2,325","$2,250","$2,300","$2,285","$2,270","$2,200","$2,177","$2,252","$2,400","$2,411","$2,468","$2,503","$2,694","$2,768","$2,775","$2,800","$2,765",-8%,-200,22%,502.5,-13%,-352.5,-7%,-180,22%,495
KANSAS CITY, MO,Midwest,$880,$890,$900,$900,$850,$850,$850,$850,$875,$851,$850,$875,$882,$875,$861,$875,$950,$950,$995,"$1,010","$1,034","$1,068","$1,044","$1,049","$1,037","$1,025",$995,$995,$995,"$1,045",$995,$991,$977,$992,$995,$995,$995,$995,$995,$989,"$1,009","$1,091","$1,085","$1,073","$1,085","$1,095","$1,100","$1,110","$1,125","$1,110","$1,110","$1,110","$1,175","$1,193","$1,211","$1,200","$1,200","$1,200","$1,205","$1,235","$1,250",0%,2,18%,155,-4%,-42,13%,130,11%,125
LAREDO, TX,South,$950,$909,$928,$955,$926,$990,$985,$990,$970,"$1,000",$980,"$1,000",$980,$973,$950,$961,$950,$950,$956,"$1,145",$951,$974,$951,$928,$912,$941,"$1,000",$950,"$1,090","$1,088","$1,138","$1,000","$1,100","$1,023","$1,005","$1,100","$1,150","$1,073","$1,100",$955,$945,$950,$950,$930,$953,$955,$975,$964,$960,$995,$958,$995,"$1,010","$1,066","$1,125","$1,078","$1,100","$1,150","$1,127","$1,098","$1,130",3%,30,-7%,-68,26%,238,-17%,-190,18%,169.5
LAS VEGAS, NV,West,"$1,150","$1,054","$1,100","$1,150","$1,150","$1,195","$1,195","$1,200","$1,210","$1,250","$1,250","$1,250","$1,250","$1,250","$1,225","$1,240","$1,232","$1,300","$1,325","$1,325","$1,250","$1,250","$1,284","$1,325","$1,300","$1,392","$1,287","$1,274","$1,250","$1,249","$1,384","$1,395","$1,395","$1,400","$1,385","$1,350","$1,400","$1,450","$1,400","$1,425","$1,350","$1,257","$1,299","$1,300","$1,309","$1,325","$1,350","$1,350","$1,350","$1,361","$1,362","$1,375","$1,450","$1,505","$1,600","$1,635","$1,680","$1,725","$1,695","$1,718","$1,700",9%,100,4%,50,8%,100,-4%,-50,26%,350
LEXINGTON, KY,South,$850,$846,$830,$850,$856,$895,$909,$900,$910,$918,$923,$947,$942,$928,$914,$929,$950,$975,$975,$950,$883,$904,$900,$910,$903,$925,$890,$918,$933,"$1,008",$995,$945,$950,$925,$950,$914,$925,$950,$950,$935,$913,$924,$900,$900,$895,$908,$928,$940,$956,$961,$950,$948,$971,"$1,010","$1,073","$1,079","$1,125","$1,150","$1,109","$1,105","$1,085",11%,92,-4%,-39,2%,22,3%,31,13%,129
LINCOLN, NE,Midwest,$849,$820,$825,$830,$825,$840,$840,$845,$850,$850,$850,$850,$875,$865,$865,$890,$915,$895,$925,$910,$900,$930,$930,$915,$937,$937,$900,$915,$890,$915,$940,$950,$925,$900,$895,$880,$890,$875,$875,$900,$975,$965,$950,$965,$985,$950,$950,$949,$940,$950,$975,$965,$985,$995,"$1,010","$1,015","$1,040","$1,030","$1,065","$1,045","$1,040",3%,26,7%,62,-5%,-47,6%,50,11%,100
LONG BEACH, CA,West,"$1,750","$1,748","$1,695","$1,695","$1,650","$1,695","$1,695","$1,695","$1,675","$1,695","$1,695","$1,695","$1,695","$1,695","$1,900","$1,869","$1,800","$1,805","$1,725","$1,850","$1,865","$1,995","$1,995","$1,975","$1,995","$1,831","$1,883","$1,875","$1,880","$1,900","$1,795","$1,795","$1,800","$1,795","$1,795","$1,825","$1,795","$1,795","$1,800","$1,800","$1,895","$1,945","$1,875","$1,900","$1,895","$1,972","$2,000","$2,000","$2,000","$1,995","$1,950","$1,994","$2,087","$2,068","$2,150","$2,161","$2,350","$2,285","$2,395","$2,427","$2,400",-3%,-55,18%,300,-10%,-200,11%,205,20%,399.5
LOS ANGELES, CA,West,"$2,500","$2,454","$2,400","$2,420","$2,175","$2,143","$2,155","$2,190","$2,234","$2,205","$2,210","$2,275","$2,233","$2,200","$2,350","$2,385","$2,545","$2,588","$2,595","$2,653","$2,640","$2,732","$2,690","$2,709","$2,700","$2,700","$2,799","$2,760","$2,760","$2,810","$2,800","$2,750","$2,850","$2,795","$2,800","$2,800","$2,800","$2,900","$2,895","$2,850","$2,905","$2,950","$2,895","$2,900","$2,800","$2,705","$2,641","$2,600","$2,595","$2,595","$2,595","$2,595","$2,650","$2,698","$2,750","$2,800","$2,900","$2,895","$2,910","$2,936","$2,943",-11%,-267.5,21%,467,4%,100.5,-7%,-205,13%,348
LOUISVILLE, KY,South,$890,$882,$893,$899,$850,$867,$860,$870,$869,$878,$888,$895,$895,$895,$895,$900,$950,$995,$995,$975,$955,$989,$980,$965,$985,$992,$959,$990,"$1,010","$1,045","$1,040","$1,000","$1,040","$1,002","$1,000","$1,000","$1,000",$995,$995,$975,$995,"$1,050","$1,030","$1,036","$1,050","$1,015","$1,038","$1,039","$1,055","$1,055","$1,055","$1,050","$1,100","$1,116","$1,146","$1,149","$1,194","$1,195","$1,200","$1,245","$1,225",1%,5,10%,90,2%,15,6%,55,16%,170
LUBBOCK, TX,South,$918,$925,$943,$969,$995,"$1,000","$1,000","$1,000",$995,$983,$975,$950,$975,$960,$995,$995,$999,$975,$950,$975,$900,$877,$919,$895,$875,$950,$974,$925,$850,$895,$973,$950,$924,$924,$900,$925,$995,"$1,000","$1,000",$999,$995,$900,$950,$875,$850,$875,$900,$895,$905,$975,$980,$962,$950,$909,$965,$950,$915,$975,$995,$999,$950,6%,57,-10%,-100,14%,120,-9%,-90,5%,45
MADISON, WI,Midwest,"$1,265","$1,245","$1,245","$1,235","$1,200","$1,210","$1,199","$1,215","$1,225","$1,265","$1,275","$1,269","$1,260","$1,250","$1,227","$1,230","$1,245","$1,200","$1,225","$1,175","$1,260","$1,285","$1,250","$1,245","$1,235","$1,225","$1,235","$1,220","$1,240","$1,220","$1,220","$1,210","$1,213","$1,225","$1,210","$1,195","$1,150","$1,180","$1,195","$1,195","$1,195","$1,250","$1,200","$1,220","$1,245","$1,315","$1,295","$1,275","$1,275","$1,285","$1,285","$1,275","$1,295","$1,300","$1,320","$1,330","$1,350","$1,425","$1,370","$1,345","$1,319",0%,-5,-2%,-25,-7%,-85,11%,125,3%,44
MEMPHIS, TN,South,$850,$850,$850,$850,$815,$800,$800,$800,$807,$803,$813,$823,$810,$810,$800,$800,$850,$850,$895,$937,$950,"$1,012",$974,$958,$965,$945,$900,$930,$993,$975,$995,$999,$999,$997,$995,$995,$975,$950,$895,$917,$925,$965,$995,"$1,025","$1,050","$1,018","$1,059","$1,040","$1,060","$1,044","$1,068","$1,095","$1,130","$1,182","$1,227","$1,233","$1,265","$1,295","$1,320","$1,355","$1,322",-5%,-40,19%,155,1%,10,9%,85,25%,261.5
MESA, AZ,West,$934,$915,$905,$945,$950,$964,$950,$975,$970,$995,$993,$995,"$1,025","$1,020","$1,095","$1,077","$1,036","$1,095","$1,101","$1,099","$1,075","$1,094","$1,050","$1,054","$1,090","$1,097","$1,075","$1,100","$1,175","$1,185","$1,271","$1,313","$1,282","$1,295","$1,325","$1,300","$1,295","$1,400","$1,400","$1,400","$1,350","$1,324","$1,366","$1,327","$1,305","$1,300","$1,275","$1,290","$1,334","$1,351","$1,350","$1,398","$1,490","$1,535","$1,645","$1,655","$1,677","$1,695","$1,695","$1,690","$1,700",10%,91,6%,65,19%,205,3%,39,27%,366
MIAMI, FL,South,"$2,020","$1,800","$1,875","$2,000","$1,900","$1,900","$1,900","$1,900","$1,900","$1,890","$1,900","$1,900","$1,900","$1,900","$1,891","$1,900","$2,000","$2,025","$2,100","$2,000","$2,050","$2,043","$2,025","$2,000","$2,044","$2,135","$2,175","$2,196","$2,200","$2,100","$2,250","$2,165","$2,150","$2,200","$2,100","$2,100","$2,150","$2,190","$2,132","$2,100","$2,200","$2,200","$2,200","$2,200","$2,100","$2,085","$2,050","$2,053","$2,069","$2,095","$2,090","$2,100","$2,200","$2,250","$2,350","$2,350","$2,368","$2,442","$2,487","$2,500","$2,500",-6%,-120,8%,144,5%,106,-4%,-81,21%,431
MILWAUKEE, WI,Midwest,$950,$950,$960,$995,$987,"$1,027","$1,015","$1,015","$1,000",$995,$995,$988,$995,"$1,000","$1,047","$1,050","$1,195","$1,195","$1,237","$1,195","$1,280","$1,335","$1,295","$1,290","$1,295","$1,260","$1,195","$1,130","$1,025","$1,095",$950,$950,$945,$965,$964,$975,$950,$950,$950,$950,"$1,053","$1,103","$1,050","$1,095","$1,095","$1,200","$1,240","$1,250","$1,271","$1,223","$1,250","$1,221","$1,248","$1,255","$1,295","$1,295","$1,300","$1,320","$1,309","$1,335","$1,258",5%,45,30%,300,-27%,-345,34%,321,-1%,-13.5
MINNEAPOLIS, MN,Midwest,"$1,329","$1,310","$1,340","$1,369","$1,355","$1,385","$1,395","$1,395","$1,395","$1,395","$1,400","$1,410","$1,403","$1,417","$1,409","$1,445","$1,455","$1,515","$1,491","$1,500","$1,500","$1,570","$1,548","$1,505","$1,513","$1,498","$1,491","$1,510","$1,550","$1,586","$1,514","$1,449","$1,450","$1,395","$1,425","$1,434","$1,403","$1,475","$1,462","$1,495","$1,600","$1,646","$1,605","$1,625","$1,619","$1,555","$1,497","$1,500","$1,513","$1,530","$1,531","$1,535","$1,552","$1,586","$1,600","$1,595","$1,609","$1,599","$1,585","$1,585","$1,600",6%,74,8%,110,-7%,-110,8%,110,6%,87
NASHVILLE, TN,South,"$1,400","$1,366","$1,395","$1,427","$1,410","$1,431","$1,449","$1,450","$1,450","$1,455","$1,443","$1,440","$1,432","$1,450","$1,400","$1,430","$1,450","$1,483","$1,495","$1,515","$1,462","$1,462","$1,430","$1,470","$1,509","$1,503","$1,510","$1,545","$1,600","$1,640","$1,600","$1,523","$1,549","$1,520","$1,538","$1,535","$1,574","$1,680","$1,700","$1,795","$1,730","$1,750","$1,750","$1,750","$1,695","$1,635","$1,588","$1,575","$1,584","$1,595","$1,595","$1,600","$1,625","$1,655","$1,730","$1,775","$1,757","$1,770","$1,775","$1,770","$1,780",2%,31.5,5%,77.5,4%,64.5,1%,10,12%,196.5
NEW ORLEANS, LA,South,"$1,300","$1,300","$1,323","$1,400","$1,275","$1,275","$1,250","$1,250","$1,250","$1,250","$1,250","$1,250","$1,250","$1,200","$1,200","$1,250","$1,350","$1,474","$1,365","$1,400","$1,300","$1,250","$1,250","$1,300","$1,314","$1,300","$1,400","$1,430","$1,495","$1,500","$1,450","$1,400","$1,400","$1,400","$1,425","$1,450","$1,450","$1,450","$1,460","$1,450","$1,500","$1,500","$1,500","$1,500","$1,500","$1,500","$1,500","$1,500","$1,500","$1,500","$1,500","$1,500","$1,500","$1,500","$1,520","$1,500","$1,540","$1,550","$1,595","$1,600","$1,600",-4%,-50,5%,64,10%,136,3%,50,7%,100
NEW YORK, NY,Northeast,"$3,195","$3,199","$3,199","$3,163","$3,200","$3,200","$3,294","$3,265","$3,250","$3,250","$3,200","$3,195","$3,150","$3,195","$3,200","$3,250","$3,400","$3,483","$3,440","$3,220","$3,395","$3,489","$3,661","$3,500","$3,595","$3,576","$3,500","$3,500","$3,598","$3,612","$3,600","$3,600","$3,637","$3,600","$3,650","$3,650","$3,612","$3,595","$3,595","$3,620","$3,550","$3,550","$3,500","$3,425","$3,350","$3,300","$3,200","$3,172","$3,100","$3,200","$3,200","$3,175","$3,200","$3,300","$3,430","$3,485","$3,470","$3,600","$3,600","$3,700","$3,495",-1%,-45,14%,445,0%,17,-14%,-512,13%,395
NEWARK, NJ,Northeast,"$1,290","$1,250","$1,265","$1,300","$1,250","$1,250","$1,250","$1,250","$1,253","$1,250","$1,275","$1,275","$1,300","$1,300","$1,299","$1,300","$1,400","$1,400","$1,450","$1,500","$1,450","$1,450","$1,500","$1,500","$1,550","$1,500","$1,500","$1,500","$1,500","$1,500","$1,550","$1,500","$1,500","$1,500","$1,500","$1,500","$1,566","$1,500","$1,500","$1,525","$1,550","$1,600","$1,600","$1,650","$1,635","$1,646","$1,650","$1,650","$1,700","$1,675","$1,650","$1,650","$1,675","$1,700","$1,695","$1,695","$1,700","$1,725","$1,750","$1,800","$1,800",1%,10,19%,250,1%,16,9%,134,6%,100
NORFOLK, VA,South,"$1,128","$1,145","$1,155","$1,150","$1,104","$1,156","$1,150","$1,150","$1,150","$1,150","$1,130","$1,125","$1,109","$1,150","$1,150","$1,150","$1,186","$1,200","$1,200","$1,215","$1,250","$1,261","$1,241","$1,250","$1,225","$1,200","$1,200","$1,245","$1,225","$1,265","$1,250","$1,250","$1,200","$1,200","$1,223","$1,200","$1,199","$1,161","$1,199","$1,200","$1,235","$1,223","$1,225","$1,250","$1,200","$1,226","$1,300","$1,282","$1,307","$1,297","$1,295","$1,298","$1,319","$1,300","$1,369","$1,395","$1,450","$1,474","$1,494","$1,500","$1,465",-2%,-19,11%,116.5,-2%,-26,9%,108,12%,158
NORTH LAS VEGAS, NV,West,"$1,195","$1,150","$1,150","$1,195","$1,200","$1,200","$1,200","$1,243","$1,225","$1,250","$1,250","$1,250","$1,250","$1,250","$1,250","$1,250","$1,275","$1,350","$1,350","$1,325","$1,250","$1,200","$1,275","$1,250","$1,225","$1,433","$1,389","$1,395","$1,295","$1,299","$1,520","$1,525","$1,500","$1,495","$1,495","$1,495","$1,525","$1,545","$1,555","$1,565","$1,450","$1,250","$1,300","$1,285","$1,347","$1,400","$1,464","$1,490","$1,495","$1,500","$1,475","$1,592","$1,700","$1,762","$1,798","$1,795","$1,795","$1,850","$1,850","$1,867","$1,850",5%,55,-2%,-25,24%,300,-2%,-30,24%,355
OAKLAND, CA,West,"$2,493","$2,400","$2,335","$2,395","$2,200","$2,200","$2,200","$2,200","$2,295","$2,300","$2,300","$2,300","$2,302","$2,295","$2,250","$2,330","$2,450","$2,395","$2,355","$2,750","$2,748","$2,778","$2,760","$2,813","$2,895","$2,883","$2,750","$2,700","$2,968","$3,000","$2,695","$2,677","$2,599","$2,562","$2,600","$2,600","$2,497","$2,490","$2,412","$2,400","$2,800","$2,950","$2,700","$2,710","$2,691","$2,595","$2,708","$2,678","$2,700","$2,648","$2,625","$2,595","$2,795","$2,826","$2,895","$2,871","$2,919","$2,850","$2,882","$2,905","$2,890",-8%,-190.5,26%,593,-14%,-398,8%,203,7%,190
OKLAHOMA CITY, OK,South,$850,$825,$820,$841,$848,$850,$850,$850,$850,$850,$850,$850,$850,$850,$850,$850,$850,$875,$870,$875,$875,$875,$880,$865,$875,$895,$875,$887,$895,$913,$925,$900,$900,$900,$900,$899,$900,$925,$975,$995,$950,$875,$899,$899,$925,$920,$946,$949,$950,$924,$940,$925,$970,$995,"$1,009","$1,050","$1,100","$1,100","$1,100","$1,145","$1,150",0%,0,3%,25,3%,25,6%,50,21%,200
OMAHA, NE,Midwest,$895,$878,$875,$895,$880,$875,$875,$895,$895,$895,$895,$895,$895,$895,$875,$890,$900,$890,$925,$930,$925,$925,$925,$925,$914,$925,$925,$947,$935,$905,$899,$900,$895,$877,$876,$895,$895,$890,$898,$895,$915,$915,$900,$906,$915,$925,$940,$940,$950,$952,$950,$950,$995,"$1,005","$1,050","$1,050","$1,075","$1,070","$1,065","$1,050","$1,050",0%,0,2%,19,-2%,-19,6%,55,11%,100
ORLANDO, FL,South,"$1,275","$1,249","$1,250","$1,300","$1,299","$1,309","$1,312","$1,325","$1,332","$1,325","$1,350","$1,360","$1,370","$1,359","$1,375","$1,400","$1,450","$1,478","$1,500","$1,452","$1,467","$1,479","$1,483","$1,484","$1,480","$1,477","$1,450","$1,475","$1,499","$1,539","$1,500","$1,475","$1,465","$1,482","$1,464","$1,449","$1,450","$1,455","$1,450","$1,483","$1,475","$1,450","$1,450","$1,450","$1,450","$1,449","$1,450","$1,450","$1,454","$1,455","$1,490","$1,499","$1,560","$1,616","$1,699","$1,750","$1,805","$1,882","$1,900","$1,905","$1,887",7%,95,8%,110,-2%,-30,0%,4,30%,433
PHILADELPHIA, PA,Northeast,"$1,400","$1,400","$1,450","$1,487","$1,324","$1,350","$1,325","$1,300","$1,300","$1,300","$1,300","$1,300","$1,295","$1,295","$1,300","$1,300","$1,450","$1,440","$1,495","$1,510","$1,550","$1,695","$1,632","$1,615","$1,608","$1,600","$1,595","$1,630","$1,600","$1,650","$1,575","$1,565","$1,595","$1,585","$1,575","$1,555","$1,565","$1,550","$1,528","$1,595","$1,650","$1,690","$1,650","$1,650","$1,650","$1,650","$1,600","$1,600","$1,600","$1,600","$1,600","$1,600","$1,630","$1,650","$1,650","$1,640","$1,660","$1,675","$1,695","$1,700","$1,700",-8%,-105,24%,313,-3%,-43,2%,35,6%,100
PHOENIX, AZ,West,$997,$975,$995,"$1,031","$1,020","$1,046","$1,045","$1,045","$1,045","$1,045","$1,050","$1,058","$1,076","$1,079","$1,122","$1,135","$1,105","$1,165","$1,195","$1,215","$1,187","$1,165","$1,160","$1,175","$1,161","$1,184","$1,193","$1,215","$1,249","$1,299","$1,299","$1,275","$1,283","$1,275","$1,295","$1,290","$1,295","$1,350","$1,345","$1,355","$1,399","$1,400","$1,400","$1,395","$1,400","$1,351","$1,338","$1,340","$1,350","$1,380","$1,395","$1,430","$1,515","$1,555","$1,632","$1,675","$1,700","$1,725","$1,716","$1,718","$1,715",8%,79,8%,85,12%,134,4%,55,27%,365
PITTSBURGH, PA,Northeast,"$1,140","$1,100","$1,115","$1,150","$1,080","$1,095","$1,099","$1,090","$1,095","$1,050","$1,080","$1,090","$1,050","$1,050","$1,057","$1,085","$1,129","$1,180","$1,200","$1,210","$1,225","$1,295","$1,270","$1,325","$1,348","$1,337","$1,272","$1,262","$1,235","$1,289","$1,250","$1,200","$1,192","$1,195","$1,195","$1,200","$1,195","$1,195","$1,200","$1,195","$1,225","$1,250","$1,250","$1,265","$1,289","$1,295","$1,300","$1,300","$1,300","$1,295","$1,299","$1,300","$1,340","$1,350","$1,399","$1,395","$1,465","$1,460","$1,505","$1,517","$1,511",-8%,-90,28%,298,-11%,-153,9%,105,16%,211
PLANO, TX,South,"$1,349","$1,291","$1,280","$1,359","$1,380","$1,442","$1,481","$1,545","$1,545","$1,531","$1,515","$1,475","$1,500","$1,492","$1,395","$1,427","$1,403","$1,413","$1,436","$1,420","$1,345","$1,315","$1,365","$1,370","$1,389","$1,425","$1,420","$1,430","$1,414","$1,430","$1,606","$1,725","$1,700","$1,695","$1,695","$1,650","$1,690","$1,793","$1,795","$1,825","$1,650","$1,600","$1,770","$1,750","$1,649","$1,529","$1,444","$1,460","$1,450","$1,480","$1,490","$1,500","$1,485","$1,541","$1,581","$1,629","$1,640","$1,693","$1,695","$1,695","$1,725",11%,151,-7%,-111,22%,301,-14%,-240,19%,275
PORTLAND, OR,West,"$1,520","$1,495","$1,495","$1,500","$1,500","$1,530","$1,525","$1,541","$1,520","$1,530","$1,510","$1,500","$1,525","$1,500","$1,476","$1,507","$1,559","$1,595","$1,550","$1,548","$1,550","$1,595","$1,600","$1,595","$1,520","$1,500","$1,495","$1,495","$1,600","$1,641","$1,595","$1,500","$1,503","$1,500","$1,495","$1,460","$1,450","$1,465","$1,445","$1,425","$1,550","$1,575","$1,500","$1,500","$1,535","$1,509","$1,500","$1,500","$1,500","$1,496","$1,500","$1,514","$1,595","$1,625","$1,693","$1,699","$1,750","$1,731","$1,721","$1,740","$1,725",0%,5,0%,-5,-5%,-70,3%,50,15%,225
RALEIGH, NC,South,"$1,115","$1,095","$1,088","$1,115","$1,115","$1,125","$1,150","$1,148","$1,153","$1,150","$1,158","$1,150","$1,150","$1,150","$1,130","$1,154","$1,178","$1,204","$1,200","$1,175","$1,178","$1,145","$1,132","$1,116","$1,118","$1,145","$1,168","$1,204","$1,250","$1,292","$1,295","$1,295","$1,295","$1,295","$1,285","$1,265","$1,295","$1,395","$1,386","$1,400","$1,300","$1,286","$1,295","$1,285","$1,290","$1,289","$1,292","$1,285","$1,275","$1,295","$1,299","$1,326","$1,391","$1,446","$1,505","$1,548","$1,568","$1,570","$1,555","$1,564","$1,556",3%,35,-3%,-32,16%,177,-2%,-20,22%,281
RENO, NV,West,"$1,100","$1,094","$1,055","$1,087","$1,089","$1,122","$1,131","$1,185","$1,225","$1,290","$1,225","$1,209","$1,295","$1,300","$1,250","$1,275","$1,325","$1,451","$1,451","$1,413","$1,500","$1,450","$1,395","$1,403","$1,434","$1,375","$1,345","$1,335","$1,308","$1,350","$1,350","$1,395","$1,350","$1,350","$1,345","$1,326","$1,345","$1,350","$1,395","$1,395","$1,395","$1,396","$1,400","$1,400","$1,350","$1,359","$1,492","$1,486","$1,500","$1,500","$1,485","$1,483","$1,599","$1,620","$1,750","$1,795","$1,850","$1,895","$1,824","$1,750","$1,719",18%,195,11%,139,-6%,-89,12%,155,15%,219
RICHMOND, VA,South,"$1,075","$1,043","$1,092","$1,105","$1,095","$1,135","$1,141","$1,129","$1,119","$1,115","$1,101","$1,099","$1,095","$1,080","$1,095","$1,100","$1,195","$1,200","$1,150","$1,187","$1,129","$1,150","$1,142","$1,125","$1,132","$1,137","$1,150","$1,175","$1,225","$1,275","$1,250","$1,219","$1,200","$1,195","$1,195","$1,177","$1,175","$1,210","$1,215","$1,215","$1,238","$1,240","$1,247","$1,239","$1,210","$1,225","$1,247","$1,285","$1,334","$1,322","$1,305","$1,333","$1,379","$1,410","$1,449","$1,471","$1,473","$1,473","$1,469","$1,489","$1,465",2%,20,3%,37,4%,43,14%,159,10%,131
RIVERSIDE, CA,West,"$1,451","$1,420","$1,428","$1,480","$1,479","$1,491","$1,465","$1,500","$1,530","$1,547","$1,550","$1,547","$1,575","$1,562","$1,687","$1,717","$1,595","$1,640","$1,606","$1,625","$1,590","$1,590","$1,655","$1,635","$1,617","$1,623","$1,600","$1,609","$1,685","$1,725","$1,695","$1,625","$1,650","$1,615","$1,650","$1,695","$1,710","$1,750","$1,745","$1,650","$1,709","$1,750","$1,711","$1,750","$1,800","$1,752","$1,800","$1,828","$1,856","$1,866","$1,850","$1,850","$1,916","$1,965","$2,030","$2,095","$2,100","$2,235","$2,241","$2,295","$2,295",9%,124.5,3%,42,6%,92.5,9%,146,24%,439.5
SACRAMENTO, CA,West,"$1,310","$1,300","$1,300","$1,316","$1,317","$1,368","$1,355","$1,375","$1,395","$1,395","$1,395","$1,400","$1,445","$1,430","$1,400","$1,450","$1,495","$1,550","$1,505","$1,569","$1,566","$1,595","$1,575","$1,550","$1,500","$1,505","$1,486","$1,495","$1,492","$1,515","$1,500","$1,499","$1,495","$1,500","$1,550","$1,500","$1,500","$1,500","$1,529","$1,499","$1,550","$1,595","$1,595","$1,600","$1,625","$1,640","$1,690","$1,695","$1,695","$1,700","$1,723","$1,750","$1,805","$1,815","$1,905","$1,960","$2,014","$2,065","$2,091","$2,105","$2,065",10%,135.5,4%,55,0%,-0.5,13%,195.5,22%,370
SAINT LOUIS, MO,Midwest,$955,$925,$950,$900,$795,$800,$795,$795,$795,$790,$790,$795,$795,$785,$780,$800,$900,$978,"$1,012",$995,"$1,000","$1,125","$1,087","$1,099","$1,112","$1,098","$1,010","$1,050","$1,070","$1,080",$985,$950,$934,$921,$950,$950,$950,$900,$895,$925,"$1,065","$1,250","$1,208","$1,257","$1,280","$1,200","$1,200","$1,179","$1,177","$1,180","$1,190","$1,195","$1,225","$1,235","$1,225","$1,225","$1,214","$1,200","$1,250","$1,250","$1,250",-17%,-160,40%,317,-15%,-162,24%,227,6%,73
SAINT PAUL, MN,Midwest,"$1,192","$1,175","$1,200","$1,200","$1,200","$1,210","$1,215","$1,234","$1,222","$1,225","$1,244","$1,245","$1,249","$1,250","$1,246","$1,266","$1,310","$1,350","$1,372","$1,410","$1,430","$1,439","$1,405","$1,425","$1,440","$1,421","$1,416","$1,435","$1,483","$1,460","$1,387","$1,295","$1,269","$1,284","$1,265","$1,285","$1,295","$1,300","$1,366","$1,395","$1,450","$1,477","$1,425","$1,450","$1,422","$1,399","$1,399","$1,395","$1,400","$1,382","$1,388","$1,390","$1,429","$1,475","$1,485","$1,465","$1,470","$1,435","$1,430","$1,435","$1,485",5%,57.5,15%,191,-10%,-145,8%,105,6%,85
SAINT PETERSBURG, FL,South,"$1,260","$1,100","$1,135","$1,250","$1,179","$1,200","$1,195","$1,195","$1,199","$1,195","$1,177","$1,200","$1,200","$1,200","$1,245","$1,294","$1,375","$1,375","$1,400","$1,450","$1,434","$1,414","$1,397","$1,400","$1,386","$1,400","$1,435","$1,500","$1,500","$1,600","$1,590","$1,555","$1,550","$1,495","$1,500","$1,500","$1,500","$1,550","$1,550","$1,550","$1,600","$1,600","$1,650","$1,672","$1,699","$1,643","$1,590","$1,600","$1,750","$1,600","$1,600","$1,650","$1,705","$1,782","$1,835","$1,892","$1,939","$1,988","$2,009","$2,053","$2,000",-5%,-60,16%,186,8%,114,17%,250,14%,250
SAN ANTONIO, TX,South,"$1,016","$1,000","$1,010","$1,025","$1,025","$1,062","$1,074","$1,082","$1,095","$1,100","$1,100","$1,090","$1,100","$1,100","$1,075","$1,100","$1,125","$1,150","$1,155","$1,187","$1,155","$1,136","$1,135","$1,119","$1,150","$1,185","$1,105","$1,175","$1,200","$1,200","$1,215","$1,213","$1,208","$1,245","$1,250","$1,175","$1,130","$1,150","$1,150","$1,229","$1,200","$1,175","$1,198","$1,200","$1,195","$1,196","$1,195","$1,199","$1,200","$1,200","$1,213","$1,219","$1,241","$1,256","$1,310","$1,335","$1,358","$1,394","$1,382","$1,391","$1,379",8%,84,5%,50,-2%,-20,6%,70,15%,179
SAN DIEGO, CA,West,"$1,995","$1,995","$1,980","$1,980","$1,985","$2,000","$1,997","$2,009","$2,071","$2,085","$2,070","$2,053","$2,080","$2,080","$2,101","$2,125","$2,155","$2,156","$2,200","$2,281","$2,400","$2,460","$2,395","$2,395","$2,355","$2,300","$2,250","$2,231","$2,250","$2,300","$2,250","$2,195","$2,200","$2,195","$2,200","$2,215","$2,200","$2,231","$2,245","$2,202","$2,295","$2,295","$2,222","$2,284","$2,250","$2,295","$2,319","$2,329","$2,339","$2,320","$2,325","$2,373","$2,500","$2,546","$2,685","$2,675","$2,835","$2,870","$2,900","$2,898","$2,900",4%,85,13%,275,-7%,-155,6%,139,24%,561
SAN FRANCISCO, CA,West,"$3,910","$3,850","$3,715","$3,640","$3,600","$3,600","$3,648","$3,600","$3,600","$3,600","$3,595","$3,595","$3,600","$3,620","$3,650","$3,700","$3,750","$3,741","$3,806","$3,940","$3,995","$4,005","$3,979","$3,895","$3,850","$3,859","$3,791","$3,895","$3,969","$3,975","$3,900","$3,950","$3,975","$3,915","$3,890","$3,795","$3,790","$3,800","$3,795","$3,799","$3,750","$3,650","$3,610","$3,495","$3,350","$3,195","$3,020","$2,995","$2,995","$3,004","$3,000","$3,085","$3,195","$3,250","$3,350","$3,400","$3,400","$3,373","$3,331","$3,332","$3,391",-8%,-310,7%,250,-2%,-60,-21%,-795,13%,396
SAN JOSE, CA,West,"$2,710","$2,700","$2,686","$2,700","$2,700","$2,715","$2,747","$2,750","$2,744","$2,755","$2,750","$2,733","$2,750","$2,773","$2,783","$2,807","$2,876","$2,870","$2,900","$2,920","$2,800","$2,811","$2,832","$2,814","$2,805","$2,830","$2,840","$2,852","$2,850","$2,920","$2,960","$3,000","$3,000","$2,950","$2,995","$2,900","$2,850","$2,899","$2,850","$2,950","$2,895","$2,895","$2,851","$2,800","$2,750","$2,665","$2,625","$2,646","$2,623","$2,615","$2,605","$2,636","$2,685","$2,732","$2,784","$2,825","$2,850","$2,842","$2,799","$2,810","$2,834",1%,40,2%,55,2%,45,-8%,-227,8%,211
SANTA ANA, CA,West,"$1,837","$1,825","$1,810","$1,881","$1,881","$1,886","$1,884","$1,875","$1,915","$1,935","$1,938","$1,900","$1,900","$1,950","$2,191","$2,300","$1,940","$1,962","$1,950","$1,945","$2,000","$1,880","$1,955","$1,946","$1,965","$1,990","$2,000","$2,000","$2,005","$2,165","$2,015","$1,995","$1,995","$1,958","$2,000","$1,995","$2,040","$2,025","$1,995","$1,995","$2,221","$2,145","$2,075","$2,083","$2,135","$2,150","$2,193","$2,237","$2,222","$2,239","$2,241","$2,219","$2,368","$2,449","$2,582","$2,592","$2,575","$2,495","$2,490","$2,495","$2,506",3%,63,3%,65,4%,75,9%,182,13%,284
SCOTTSDALE, AZ,West,"$1,750","$1,550","$1,590","$1,830","$1,800","$1,800","$1,800","$1,750","$1,780","$1,800","$1,800","$1,795","$1,800","$1,795","$2,000","$2,029","$1,799","$1,759","$1,946","$1,985","$1,700","$1,610","$1,590","$1,639","$1,664","$2,167","$1,890","$1,825","$1,695","$1,739","$1,900","$2,000","$2,000","$2,000","$2,125","$2,200","$2,200","$2,400","$2,450","$2,400","$2,295","$2,145","$2,200","$2,100","$2,033","$2,150","$2,000","$2,000","$2,000","$2,100","$2,100","$2,200","$2,125","$2,185","$2,130","$2,210","$2,250","$2,319","$2,363","$2,325","$2,378",3%,50,-8%,-136.5,32%,536.5,-9%,-200,19%,378
SEATTLE, WA,West,"$1,890","$1,900","$1,895","$1,903","$1,900","$1,920","$1,943","$1,955","$1,930","$1,900","$1,875","$1,846","$1,850","$1,885","$1,864","$1,875","$1,980","$2,063","$2,045","$2,009","$2,064","$2,100","$2,055","$2,059","$2,046","$2,025","$2,000","$2,020","$2,110","$2,172","$2,100","$2,000","$1,991","$1,950","$1,925","$1,921","$1,925","$1,900","$1,900","$1,899","$1,978","$2,025","$1,950","$1,919","$1,895","$1,795","$1,770","$1,746","$1,745","$1,755","$1,761","$1,795","$1,893","$1,930","$2,025","$2,102","$2,240","$2,240","$2,195","$2,190","$2,170",-2%,-40,11%,196,-6%,-121,-9%,-180,24%,425
SPOKANE, WA,West,$820,$824,$824,$840,$830,$835,$836,$845,$855,$875,$886,$895,$900,$900,$895,$900,$927,$950,"$1,032","$1,045","$1,050","$1,075","$1,025","$1,003",$975,$990,$970,"$1,000","$1,000","$1,002","$1,050","$1,014","$1,038","$1,030",$995,$975,$995,"$1,015","$1,015",$998,"$1,000","$1,026","$1,010","$1,122","$1,184","$1,161","$1,158","$1,145","$1,141","$1,149","$1,194","$1,145","$1,245","$1,300","$1,384","$1,420","$1,595","$1,529","$1,490","$1,425","$1,395",10%,80,8%,75,2%,20,15%,146,22%,254
STOCKTON, CA,West,"$1,100","$1,100","$1,150","$1,100","$1,150","$1,206","$1,195","$1,163","$1,150","$1,102","$1,200","$1,234","$1,295","$1,293","$1,250","$1,185","$1,195","$1,200","$1,250","$1,295","$1,350","$1,295","$1,295","$1,350","$1,295","$1,250","$1,175","$1,150","$1,145","$1,100","$1,200","$1,225","$1,199","$1,200","$1,250","$1,275","$1,295","$1,295","$1,216","$1,214","$1,200","$1,199","$1,250","$1,200","$1,200","$1,205","$1,275","$1,297","$1,300","$1,350","$1,299","$1,316","$1,374","$1,347","$1,409","$1,450","$1,490","$1,495","$1,611","$1,650","$1,550",18%,195,0%,0,0%,0,0%,5,19%,250
TAMPA, FL,South,"$1,217","$1,130","$1,150","$1,200","$1,178","$1,190","$1,183","$1,198","$1,200","$1,200","$1,200","$1,210","$1,200","$1,200","$1,200","$1,225","$1,295","$1,349","$1,370","$1,349","$1,375","$1,365","$1,363","$1,351","$1,352","$1,365","$1,323","$1,395","$1,450","$1,500","$1,405","$1,380","$1,384","$1,369","$1,380","$1,375","$1,375","$1,395","$1,395","$1,400","$1,418","$1,460","$1,495","$1,495","$1,495","$1,450","$1,453","$1,460","$1,678","$1,495","$1,500","$1,545","$1,605","$1,684","$1,800","$1,864","$1,920","$1,968","$1,983","$1,935","$1,961",-1%,-17,13%,152,2%,23,22%,303,17%,283
TOLEDO, OH,South,$700,$712,$700,$725,$725,$726,$725,$730,$740,$725,$740,$746,$738,$725,$712,$719,$740,$750,$750,$749,$725,$750,$745,$750,$750,$745,$700,$695,$650,$625,$650,$669,$695,$700,$700,$725,$744,$735,$729,$725,$739,$745,$709,$700,$699,$700,$747,$725,$750,$735,$735,$735,$735,$750,$750,$769,$800,$825,$826,$819,$825,5%,38,2%,12,-1%,-6,1%,6,10%,75
TUCSON, AZ,West,$850,$825,$825,$866,$850,$865,$855,$858,$862,$875,$875,$876,$895,$895,$888,$900,$930,$975,$950,$853,$844,$781,$805,$795,$812,$855,$849,$858,$879,$900,$957,$975,$956,$964,$994,$950,$950,"$1,025","$1,095","$1,100","$1,175","$1,195","$1,195","$1,176","$1,175","$1,075","$1,016","$1,026","$1,039","$1,050","$1,080","$1,100","$1,115","$1,145","$1,200","$1,250","$1,300","$1,316","$1,300","$1,310","$1,314",5%,45,-9%,-83,17%,138,9%,89,26%,275
TULSA, OK,South,$800,$796,$779,$800,$783,$790,$778,$782,$790,$795,$799,$800,$800,$800,$790,$795,$799,$800,$800,$790,$784,$765,$775,$775,$765,$790,$750,$760,$786,$809,$825,$807,$795,$795,$800,$800,$825,$808,$800,$794,$775,$764,$775,$795,$800,$814,$847,$841,$859,$850,$850,$850,$859,$900,$908,$900,$934,$970,$961,"$1,000","$1,009",0%,0,-4%,-35,8%,60,4%,34,17%,150
VIRGINIA BEACH, VA,South,"$1,275","$1,250","$1,250","$1,261","$1,250","$1,254","$1,290","$1,295","$1,295","$1,295","$1,300","$1,299","$1,300","$1,299","$1,250","$1,275","$1,250","$1,280","$1,300","$1,300","$1,200","$1,225","$1,200","$1,200","$1,199","$1,250","$1,280","$1,295","$1,350","$1,381","$1,450","$1,450","$1,426","$1,425","$1,425","$1,400","$1,420","$1,450","$1,400","$1,434","$1,432","$1,418","$1,450","$1,450","$1,400","$1,406","$1,409","$1,415","$1,419","$1,419","$1,407","$1,450","$1,570","$1,600","$1,673","$1,706","$1,695","$1,699","$1,660","$1,650","$1,657",2%,25,-8%,-101,18%,221,0%,-1,17%,237.5
WASHINGTON, DC,South,"$2,315","$2,250","$2,275","$2,300","$2,250","$2,309","$2,359","$2,352","$2,300","$2,275","$2,265","$2,250","$2,261","$2,260","$2,270","$2,328","$2,325","$2,381","$2,360","$2,300","$2,320","$2,344","$2,382","$2,390","$2,389","$2,400","$2,400","$2,400","$2,399","$2,456","$2,455","$2,428","$2,447","$2,407","$2,407","$2,350","$2,400","$2,305","$2,300","$2,350","$2,395","$2,395","$2,350","$2,300","$2,285","$2,200","$2,150","$2,138","$2,150","$2,150","$2,158","$2,181","$2,250","$2,300","$2,359","$2,425","$2,450","$2,443","$2,435","$2,420","$2,441",-2%,-54,6%,128,0%,11,-10%,-250,14%,291
WICHITA, KS,Midwest,$767,$750,$750,$750,$750,$750,$750,$750,$752,$775,$775,$793,$795,$775,$770,$750,$781,$795,$775,$790,$800,$800,$754,$775,$750,$740,$730,$750,$775,$750,$745,$739,$760,$750,$770,$750,$750,$775,$775,$765,$745,$750,$750,$775,$775,$750,$750,$760,$775,$775,$750,$765,$754,$791,$805,$825,$825,$835,$825,$825,$810,4%,28.5,-6%,-45,0%,0,3%,25,5%,35
WINSTON SALEM, NC,South,$850,$862,$848,$850,$890,$885,$858,$850,$858,$855,$855,$875,$875,$875,$849,$875,$895,$932,$911,$900,$895,$905,$935,$923,$900,$895,$862,$895,$895,$895,$935,$959,$942,$995,"$1,045","$1,100","$1,092","$1,075","$1,050","$1,099","$1,087",$953,$970,$895,$895,$913,$999,$995,$960,"$1,000",$999,$979,"$1,050","$1,107","$1,199","$1,195","$1,270","$1,257","$1,280","$1,305","$1,285",3%,25,3%,25,21%,192,-12%,-132,34%,325
